OriginalPath,OriginalName,ProposedName,Ext,Status,Snippet
3548.pdf,3548.pdf,Magenic Product Backlog Workshop Process 3magenic.pdf,.pdf,Renamed,"Magenic Product 
Backlog Workshop 
Process 3Magenic Workshop Approach
•Upfront investment in your product
•Collaborative refinement of your requirements and determination of MVP release
•Build an init"
3549.pdf,3549.pdf,Confidential What Backlog Workshop Partnered Upfront.pdf,.pdf,Renamed,"Confidential  
  
WHAT IS THE BACKLOG WORKSHOP ?  
 
• Partnered upfront investment in your product understanding  
• Collaborative refinement of your goals and determination of Minimal Viable Product"
2295.pdf,2295.pdf,Tps Bolder Enterprise Architecture Technology Roadmapamber.pdf,.pdf,Renamed,"TPS & Bolder Enterprise Architecture Technology RoadmapAmber Marfatia
© 2019 Cognizant1 © 2019 Cognizant2Past –Present –Future What was done•70+ working sessions, meetings & workshops to understand th"
2604.pdf,2604.pdf,Cognizant Softvision 2020 Cognizant Softvision 2020.pdf,.pdf,Renamed,"1 
© COGNIZANT SOFTVISION 2020 
 © COGNIZANT SOFTVISION 2020 Member-facing 
Consent 
Management 
Experience  2 
© COGNIZANT SOFTVISION 2020 
Overview 
The Cognizant interoperability solution allows he"
2634.pdf,2634.pdf,Product Launchpreviewglobal Rtp Strategy Missionenable Fis.pdf,.pdf,Renamed,"PRODUCT LAUNCHPREVIEWGlobal  RTP  Strategy
1 2
MissionEnable FIS to establish a leading position in the Real Time Payments market across the globe RTP Challenges / Opportunities
Solution ReachGeograph"
2708.pdf,2708.pdf,Luma Methods Recipesthe Double Diamond Product.pdf,.pdf,Renamed,"LUMA Methods & RecipesThe Double Diamond and Product Development What does LUMA do?LUMA Institute has created a framework to help you choose the best tool for each step of the innovation process, base"
2985.pdf,2985.pdf,Modernizing Testing Day Experience Game Pods.pdf,.pdf,Renamed,"MODERNIZING THE 
TESTING DAY EXPERIENCE
Game of Pods is an Agile Acceleration Platform 
designed to support the cultural side of digital 
transformation. In a world where 74% of enterprises 
report an"
2987.pdf,2987.pdf,,.pdf,No meaningful text,
2993.pdf,2993.pdf,Digital. Innovation. Scale. Cognizant Softvision 2019.pdf,.pdf,Renamed,"DIGITAL. 
INNOVATION. 
SCALE. 
Cognizant Softvision / 2019  MEET 
COGNIZANT 
SOFTVISION 
Cognizant Softvision / 2019  Cognizant Softvision / 2019 
Build digital products that 
delight end users and cr"
3022.pdf,3022.pdf,Version 1.3 Brand Guidelines Helping People.pdf,.pdf,Renamed,"Version 1.3   
 
 
Brand Guidelines  
Helping people achieve education and workplace success.  
  
  
ACT Brand Guidelines  
To help people achieve education and workplace success, it is important for"
3034.pdf,3034.pdf,Bamboo Rose Marketplace Process Overview Style.pdf,.pdf,Renamed,"BAMBOO ROSE MARKETPLACE PROCESS OVERVIEW
STYLE :  Bamboo Rose Marketplace is a research and development product 
software application used to collaborate, design and develop 
directly with Kohl’s co-c"
3035.pdf,3035.pdf,Mobile Plm Use Cases Use Description.pdf,.pdf,Renamed,"Mobile PLM Use Cases
# Use Description Use Case Notes Business Value
1Color, Material & Trim LibrariesMaterial Management: Swatch 
header info needs to be 
uploaded into the system 
easily using QR Co"
3083.pdf,3083.pdf,Business Case Workbook Helping You Craft.pdf,.pdf,Renamed,"THE
BUSINESS CASE 
WORKBOOK
Helping you Craft Your 
Compelling Business Case  
 
 
 The Business Case Workbook 1 
   
The  
Business Case 
Workbook  
 
    
 
 
 The Business Case Workbook 2 
  
 
 
 "
3124.pdf,3124.pdf,Creating Digital Platform Smartplantm Partnership Proposal.pdf,.pdf,Renamed,"Creating a Digital Platform 
for SmartPlanTM
Partnership Proposal
Created for Nationwide Financial Innovation
18 March 2019 Copyrights & Proprietary Notice
Allconfidential orproprietary information co"
3137.pdf,3137.pdf,Creating Digital Platform Smartplantm Partnership Proposal.pdf,.pdf,Renamed,"Creating a Digital Platform 
for SmartPlanTM
Partnership Proposal
Created for Nationwide Financial Innovation
18 March 2019 Copyrights & Proprietary Notice
Allconfidential orproprietary information co"
3163.pdf,3163.pdf,Future State Platform Mission Build Best-in-class.pdf,.pdf,Renamed,"Future State Platform
Mission : Build the Best-in-Class fully Integrated Wealth Management Platform
Multi Channel
Sales Distribution .
Consumers •
Technology
Platform
CJassfcatmUltra High High Net Mas"
1799.pdf,1799.pdf,Publish Maintain Training Content Epic Tamod.pdf,.pdf,Renamed,"Publish /Maintain 
Training Content
(EPIC TAMOD -58)
Tracking of Training 
Completed by Test 
Site Staff
(EPIC TAMOD -52)
Test Site Staff Ability 
to Access and Take 
Training
(EPIC TAMOD -51)
Trainin"
1726.pdf,1726.pdf,Product Team Gathers Requirements Humana Business.pdf,.pdf,Renamed,"Product team gathers 
requirements from 
Humana Business 
Stakeholders
[Go365 Reimagined 
Product Team Meeting 
Series ]
WIP
Product Team 
captures business 
requirements in User 
Stories
Story approv"
resume/3123.docx,3123.docx,Nationwide Financial Innovation Team Working Help.docx,.docx,Renamed,The Nationwide Financial (NF) Innovation team is working to help more of America prepare for and live in retirement.  In an effort to create more customer value and expand NF’s reach to new customer s
resume/4923.docx,4923.docx,Tony Giovannini 9104 Wellesley Drive Austin.docx,.docx,Renamed,"Tony Giovannini 9104 Wellesley Drive
Austin, Texas, 78754 Tony.Giov@gmail.com 206-724-6233  Objectives/Goals:  I utilize my Project Management and Scrum Master experience in order to deliver compellin"
resume/4931.docx,4931.docx,Statement Work Bgs Rewrite-phase Exhibit Statement.docx,.docx,Renamed,Statement of Work   For  BGS Rewrite-Phase 2                                                                                                                                          	         EXHIBIT 
resume/4932.docx,4932.docx,Statement Work Bgs Rewrite-phase Exhibit Statement.docx,.docx,Renamed,Statement of Work   For  BGS Rewrite-Phase 2                                                                                                                                          	         EXHIBIT 
resume/4935.docx,4935.docx,Weekly Status Report Project Binnys Overview.docx,.docx,Renamed,"WEEKLY STATUS REPORT Project: Binny’s 
OVERVIEW 
ACTION ITEMS (from past week) Konstantine will discuss with Chris about a way to facilitate testing on production endpoint: https://binnys.atlassian.ne"
resume/4937.docx,4937.docx,Weekly Status Report Project Binnys Overview.docx,.docx,Renamed,"WEEKLY STATUS REPORT Project: Binny’s 
OVERVIEW 
ACTION ITEMS (from past week) Konstantine will discuss with Chris about a way to facilitate testing on production endpoint: https://binnys.atlassian.ne"
resume/4548.docx,4548.docx,Recruiter Screen Submission Form Current Work.docx,.docx,Renamed,"Recruiter Screen Submission Form:   Current work situation (Job title, responsibilities, etc.) Product Manager for 1.5 years at Stave, working 5 products on product roadmap, user story, wireframe, def"
resume/4627.docx,4627.docx,Schedule ___ Form Statement Work Product.docx,.docx,Renamed,SCHEDULE ___ FORM OF STATEMENT OF WORK Product Discovery – GEDI Core Product Set STATEMENT OF WORK   BETWEEN  TRIZETTO PROVIDER SOLUTIONS  A COGNIZANT COMPANY  AND  COGNIZANT TECHNOLOGY SOLUTIONS INC.
resume/4617.docx,4617.docx,Schedule ___ Form Statement Work Product.docx,.docx,Renamed,"SCHEDULE ___ FORM OF STATEMENT OF WORK Product Discovery – GEDI, NHXS & ClaimLogic STATEMENT OF WORK   BETWEEN  TRIZETTO PROVIDER SOLUTIONS  A COGNIZANT COMPANY  AND  COGNIZANT TECHNOLOGY SOLUTIONS IN"
resume/4648.docx,4648.docx,Schedule ___ Form Statement Work Product.docx,.docx,Renamed,SCHEDULE ___ FORM OF STATEMENT OF WORK Product Discovery – GEDI Core Product Set STATEMENT OF WORK   BETWEEN  TRIZETTO PROVIDER SOLUTIONS  A COGNIZANT COMPANY  AND  COGNIZANT TECHNOLOGY SOLUTIONS INC.
resume/3382.docx,3382.docx,Madeleine Suszka Madeleinesuszka1gmail.com 312-388-0240 Linkedin.cominmsuszka Maddiesuszka.com.docx,.docx,Renamed,"MADELEINE SUSZKA madeleinesuszka1@gmail.com | 312-388-0240 | linkedin.com/in/msuszka/ | maddiesuszka.com  EXPERIENCE Product Owner, eVestment, a NASDAQ Company 						                        2020-Prese"
resume/3409.docx,3409.docx,Welcome Cognizant Softvision Know You Have.docx,.docx,Renamed,Welcome to Cognizant Softvision!  We know you have been inundated with a great deal of information in a very short period of time. We want to help you stay organized around activities that will make y
resume/3406.docx,3406.docx,Madeleine Suszka Madeleinesuszka1gmail.com 312-388-0240 Linkedin.cominmsuszka Maddiesuszka.com.docx,.docx,Renamed,"MADELEINE SUSZKA madeleinesuszka1@gmail.com | 312-388-0240 | linkedin.com/in/msuszka/ | maddiesuszka.com  EXPERIENCE Product Owner, eVestment, a NASDAQ Company 						                        2020-Prese"
resume/3421.docx,3421.docx,Madeleine Suszka Madeleinesuszka1gmail.com 312-388-0240 Linkedin.cominmsuszka Maddiesuszka.com.docx,.docx,Renamed,"MADELEINE SUSZKA madeleinesuszka1@gmail.com | 312-388-0240 | linkedin.com/in/msuszka/ | maddiesuszka.com  EXPERIENCE Product Owner, eVestment, a NASDAQ Company 						                        2020-Prese"
resume/3536.docx,3536.docx,Recruiter Screen Submission Form Current Work.docx,.docx,Renamed,"Recruiter Screen Submission Form:   Current work situation (Job title, responsibilities, etc.)  MJ is currently a Lead Business System Analyst with Data Prime Consulting and Investments, working on de"
resume/3541.docx,3541.docx,Recruiter Screen Submission Form Current Work.docx,.docx,Renamed,"Recruiter Screen Submission Form:   Current work situation (Job title, responsibilities, etc.)  Sanjeev is currently Lead Product Owner with GlobalLogic, working on practice management software for an"
resume/3542.docx,3542.docx,Sanjeev Jain 310 948 1721 Sanjeev_jain2yahoo.com.docx,.docx,Renamed,"SANJEEV JAIN				 +1 310 948 1721  sanjeev_jain2@yahoo.com    An accomplished product manager and product marketer with extensive experience in enterprise applications, platforms and solutions Graduate"
resume/3540.docx,3540.docx,Recruiter Screen Submission Form Current Work.docx,.docx,Renamed,"Recruiter Screen Submission Form:   Current work situation (Job title, responsibilities, etc.)  Phoebe is currently a Sr. Product Manager with USAA, leading the banking mobile platform. She shepherded"
resume/3551.docx,3551.docx,Statement Work Master Services Agreement Dated.docx,.docx,Renamed,"STATEMENT OF WORK TO MASTER SERVICES AGREEMENT DATED October 9, 2020 BY AND BETWEEN American Challenger Development Corp. AND Cognizant Worldwide Limited  Contents  Figure 1: Cognizant Workstream Stru"
resume/3553.docx,3553.docx,Title Product Owner Location Tbd Who.docx,.docx,Renamed,"Title:  SW Product Owner Location: TBD  Who we are:    We love to tackle big features, as well as nitpick small details. We solve for real problems, not just check the boxes for stated requirements. W"
resume/2060.docx,2060.docx,Usability Insights Overview Conducting Usability Tests.docx,.docx,Renamed,"Usability Insights   Overview  By conducting usability tests, we are able to effectively test what works well for customers and what doesn’t.  It produces comprehensive behavioral data and is the most"
resume/2059.docx,2059.docx,Recruitment Email Hello Trizetto Working Exploration.docx,.docx,Renamed,"Recruitment Email   Hello,   TriZetto is working on an exploration of the current experience across ClaimLogic, GEDI and NHXS.   As a [TOOL NAME] user, your perspective and insight is crucial to impro"
resume/2074.docx,2074.docx,Paul Singh Product Manager Atlanta Experience.docx,.docx,Renamed,"Paul Singh Product Manager | Atlanta, GA    EXPERIENCE HIGHLIGHTS Proficient Product Manager with three plus years of experience in industries such as: Quick Serve Restaurants – Mobile application dis"
resume/2083.docx,2083.docx,Emiliano Emanuel Musacco Buenos Aires Experience.docx,.docx,Renamed,"Emiliano Emanuel Musacco BA | Buenos Aires  EXPERIENCE HIGHLIGHTS 10+ years of experience as a BA in different industries such as: telecommunications, health, metal industry, security  PM Career, Scru"
resume/2106.docx,2106.docx,Insert Full Name Insert Role Insert.docx,.docx,Renamed,"[Insert Full Name] [Insert Role] | [Insert City/State]    EXPERIENCE HIGHLIGHTS [Include a few bullets here summarize key experience...industries of projects you’ve worked on, types of applications (m"
resume/2107.docx,2107.docx,,.docx,No meaningful text,
resume/2119.docx,2119.docx,Esteban Solis Business Analyst Product Manager.docx,.docx,Renamed,"Esteban Solis Business Analyst / Product Manager | Austin Texas  EXPERIENCE HIGHLIGHTS Experience working with pair programmers, and agile methodology. At American Airlines, my efforts allowed the Buy"
resume/2134.docx,2134.docx,Usability Insights Overview Conducting Usability Tests.docx,.docx,Renamed,"Usability Insights   Overview  By conducting usability tests, we are able to effectively test what works well for customers and what doesn’t.  It produces comprehensive behavioral data and is the most"
resume/2133.docx,2133.docx,Recruitment Email Hello Trizetto Working Exploration.docx,.docx,Renamed,"Recruitment Email   Hello,   TriZetto is working on an exploration of the current experience across ClaimLogic, GEDI and NHXS.   As a [TOOL NAME] user, your perspective and insight is crucial to impro"
resume/2153.docx,2153.docx,Insert Full Name Insert Role Insert.docx,.docx,Renamed,"[Insert Full Name] [Insert Role] | [Insert City/State]    EXPERIENCE HIGHLIGHTS [Include a few bullets here summarize key experience...industries of projects you’ve worked on, types of applications (m"
resume/2155.docx,2155.docx,Schedule ___ Form Statement Work Product.docx,.docx,Renamed,SCHEDULE ___ FORM OF STATEMENT OF WORK Product Discovery – GEDI Core Product Set STATEMENT OF WORK   BETWEEN  TRIZETTO PROVIDER SOLUTIONS  A COGNIZANT COMPANY  AND  COGNIZANT TECHNOLOGY SOLUTIONS INC.
resume/2270.docx,2270.docx,George Peters Product Manager Orange County.docx,.docx,Renamed,"George Peters Product Manager | Orange County, California   EXPERIENCE HIGHLIGHTS Years of Experience in Role: 15 years Industries: Healthcare, Scientific Instruments, Oil & Gas, Food & Beverage, Cons"
resume/2271.docx,2271.docx,Insert Full Name Insert Role Insert.docx,.docx,Renamed,"[Insert Full Name] [Insert Role] | [Insert City/State]    EXPERIENCE HIGHLIGHTS [Include a few bullets here summarize key experience...industries of projects you’ve worked on, types of applications (m"
resume/2296.docx,2296.docx,Insert Full Name Insert Role Insert.docx,.docx,Renamed,"[Insert Full Name] [Insert Role] | [Insert City/State]    EXPERIENCE HIGHLIGHTS [Include a few bullets here summarize key experience...industries of projects you’ve worked on, types of applications (m"
resume/2340.docx,2340.docx,George Peters Product Manager Orange County.docx,.docx,Renamed,"George Peters Product Manager | Orange County, California   EXPERIENCE HIGHLIGHTS Years of Experience in Role: 15 years Industries: Healthcare, Scientific Instruments, Oil & Gas, Food & Beverage, Cons"
resume/2370.docx,2370.docx,Meenakshi Viswanathan Senior Product Manager Alpharetta.docx,.docx,Renamed,"Meenakshi Viswanathan Senior Product Manager | Alpharetta, GA    EXPERIENCE HIGHLIGHTS. Over 13 years of experience in Analysis, Design, Development, Testing & Implementation of software applications "
resume/2364.docx,2364.docx,Insert Full Name Insert Role Insert.docx,.docx,Renamed,"[Insert Full Name] [Insert Role] | [Insert City/State]    EXPERIENCE HIGHLIGHTS [Include a few bullets here summarize key experience...industries of projects you’ve worked on, types of applications (m"
resume/2363.docx,2363.docx,Esteban Solis Business Analyst Product Manager.docx,.docx,Renamed,"Esteban Solis Business Analyst / Product Manager | Austin Texas  EXPERIENCE HIGHLIGHTS Experience working with pair programmers, and agile methodology. At American Airlines, my efforts allowed the Buy"
resume/2390.docx,2390.docx,Insert Full Name Insert Role Insert.docx,.docx,Renamed,"[Insert Full Name] [Insert Role] | [Insert City/State]    EXPERIENCE HIGHLIGHTS [Include a few bullets here summarize key experience...industries of projects you’ve worked on, types of applications (m"
resume/2398.docx,2398.docx,Final Discovery Project Deliverables Ingeniorxs Pharmacy.docx,.docx,Renamed,"Final Discovery Project Deliverables for  IngenioRx’s Pharmacy Benefit Management Digital Product  February 7, 2020          Purpose The purpose of this document is to provide the key documentation de"
resume/2422.docx,2422.docx,Recruiter Screen Submission Form Current Work.docx,.docx,Renamed,"Recruiter Screen Submission Form:    Current work situation (Job title, responsibilities, etc)   Justin is currently a Mobile Product Owner with Ally Financial who is currently responsible for ACH tra"
resume/2463.docx,2463.docx,Recruiter Screen Submission Form Current Work.docx,.docx,Renamed,"Recruiter Screen Submission Form:    Current work situation (Job title, responsibilities, etc)   Justin is currently a Mobile Product Owner with Ally Financial who is currently responsible for ACH tra"
resume/2609.docx,2609.docx,Insert Full Name Insert Role Insert.docx,.docx,Renamed,"[Insert Full Name] [Insert Role] | [Insert City/State]    EXPERIENCE HIGHLIGHTS [Include a few bullets here summarize key experience...industries of projects you’ve worked on, types of applications (m"
resume/2607.docx,2607.docx,Joseph Kan Summary Education Certifications.docx,.docx,Renamed,Joseph kan Summary Education & Certifications
resume/2621.docx,2621.docx,Humana Research Future Wellness Current Go365.docx,.docx,Renamed,"Humana Research – Future of Wellness  Current Go365 Employee wellness program through incentives, effecting employees in motivation, behavior, and decision-making.  Benefits: Reduce Healthcare Cost In"
resume/2623.docx,2623.docx,Humana Research Future Wellness Current Go365.docx,.docx,Renamed,"Humana Research – Future of Wellness  Current Go365 Employee wellness program through incentives, effecting employees in motivation, behavior, and decision-making.  Benefits: Reduce Healthcare Cost In"
resume/2633.docx,2633.docx,Statement Work Statement Work Sow Entered.docx,.docx,Renamed,Statement of Work for   This Statement of Work (“SOW”) is entered into as of  202 (the “SOW Effective Date”) by and between Cognizant Worldwide Limited (“Service Partner”) and Fidelity Information Ser
resume/2636.docx,2636.docx,Summary Sharp-minded Product Manager Talent Trainer.docx,.docx,Renamed,"Summary:  A sharp-minded product manager and talent trainer who takes pride in his ability to translate complex technical solutions into simple ideas.  Described by others as a ""technology evangelist"""
resume/2637.docx,2637.docx,Recruiter Screen Submission Form Current Work.docx,.docx,Renamed,"Recruiter Screen Submission Form:   Current work situation (Job title, responsibilities, etc.)  Ari is currently a Product Platform Lead and Product Manager with RelayHealth Pharmacy. He does configur"
resume/2689.docx,2689.docx,Recruiter Screen Submission Form Current Work.docx,.docx,Renamed,"Recruiter Screen Submission Form:   Current work situation (Job title, responsibilities, etc.)  Meena is currently Product Manager at United Healthcare, working on supporting the Unified Data Warehous"
resume/2749.docx,2749.docx,Product Management Playbook V1.2.1 About Playbook.docx,.docx,Renamed,"Product Management Playbook v1.2.1 About this Playbook This playbook outlines the key functions and activities of Product Management at Cognizant. As such, the Playbook is intended for three main audi"
resume/2747.docx,2747.docx,Product Management Playbook V1.2.1 About Playbook.docx,.docx,Renamed,"Product Management Playbook v1.2.1 About this Playbook This playbook outlines the key functions and activities of Product Management at Cognizant. As such, the Playbook is intended for three main audi"
resume/2951.docx,2951.docx,G.net Gilead Wide Reach Survey Objective.docx,.docx,Renamed,G.NET Gilead Wide Reach Survey Objective: Our objective is to gather behavioral data on how users interact with G.Net features and functionality and how they consume the content. Goal: To get a deeper
resume/2966.docx,2966.docx,2019 Key2wellness Innovation Challenge Pitch Financial.docx,.docx,Renamed,"2019 Key2Wellness Innovation Challenge: Pitch to Financial Progress Call for Proposals  Tuesday, December 17, 2019 | KeyBank Offices  Hosted by the KeyBank Financial Wellness Strategy Team   Thank you"
resume/2981.docx,2981.docx,George Peters Executive Summary Innovative Results-driven.docx,.docx,Renamed,George Peters	   Executive Summary  Innovative results-driven Product Manager with extensive experience interacting with customers and managing the product development life cycle from the business cas
resume/1919.docx,1919.docx,Welcome Cognizant Softvision Know You Have.docx,.docx,Renamed,Welcome to Cognizant Softvision!  We know you have been inundated with a great deal of information in a very short period of time. We want to help you stay organized around activities that will make y
resume/28.docx,28.docx,Kevin Powers Information Technology Project Management.docx,.docx,Renamed,"Kevin Powers  Information Technology, Project Management and Client Relationship Professional.   Certified Agile Scrum Master		Certified Agile Product Owner Accomplishments: Designed and implemented t"
resume/101.docx,101.docx,Gerald Hicks Metropolitan Atlanta 770.329.3038 Www.linkedin.comingerald-hicks.docx,.docx,Renamed,"Gerald Hicks Metropolitan Atlanta, GA 	 770.329.3038 www.linkedin.com/in/gerald-hicks 	 gphicks11@live.com   Product Owner Versatile software leader with a unique combination of technical and business"
resume/129.docx,129.docx,Gerald Hicks Metropolitan Atlanta 770.329.3038 Www.linkedin.comingerald-hicks.docx,.docx,Renamed,"Gerald Hicks Metropolitan Atlanta, GA 	 770.329.3038 www.linkedin.com/in/gerald-hicks 	 gphicks11@live.com   Product Owner Versatile software leader with a unique combination of technical and business"
resume/130.docx,130.docx,Recruiter Screen Submission Form Current Work.docx,.docx,Renamed,"Recruiter Screen Submission Form:    Current work situation (Job title, responsibilities, etc)   Gerald was caught in the second round of layoffs late last year with NCR. He had spent the last 7 years"
resume/163.docx,163.docx,Recruiter Screen Submission Form Current Work.docx,.docx,Renamed,"Recruiter Screen Submission Form:       Current work situation (Job title, responsibilities, etc) Product Manager II with AMA Has managed multiple projects in an agile environment and has experience w"
resume/162.docx,162.docx,Mark Ruthman 3404 Seminary Chicago 60657.docx,.docx,Renamed,"Mark Ruthman 3404 N. Seminary, Chicago, IL 60657 773-510-9010   	remark47@yahoo.com SUMMARY OF QUALIFICATIONS: Strategically leveraging technology and data to create solutions in digital publishing, c"
resume/210.docx,210.docx,Gerald Hicks Metropolitan Atlanta 770.329.3038 Www.linkedin.comingerald-hicks.docx,.docx,Renamed,"Gerald Hicks Metropolitan Atlanta, GA 	 770.329.3038 www.linkedin.com/in/gerald-hicks 	 gphicks11@live.com   Product Owner Versatile software leader with a unique combination of technical and business"
resume/245.docx,245.docx,Recruiter Screen Submission Form Current Work.docx,.docx,Renamed,"Recruiter Screen Submission Form:       Current work situation (Job title, responsibilities, etc) CNay is currently with Ulta as a contractor through Tek Systems where she has worked on 2 large projec"
resume/244.docx,244.docx,Cnay Hines 917 734 9933 Cnay.hinesgmail.com.docx,.docx,Renamed,"C’Nay L. Hines  (917) 734 – 9933 cnay.hines@gmail.com  Key Skills & Core Competencies   CAREER PROGRESSION & LEADERSHIP PERFORMANCE  Ulta Beauty (contract) – Bolingbrook, IL                           "
resume/269.docx,269.docx,Sheila Hinson Jacksonville 727-303-2727 Hinsonstpetehotmail.com Summary.docx,.docx,Renamed,"Sheila Hinson Jacksonville, Fl 727-303-2727 hinsonstpete@hotmail.com  Summary  20+ years of experience in the healthcare and payment processing industries as well as short contract work for companies "
resume/388.docx,388.docx,Cnay Hines 917 734 9933 Cnay.hinesgmail.com.docx,.docx,Renamed,"C’Nay L. Hines  (917) 734 – 9933 cnay.hines@gmail.com  Key Skills & Core Competencies   CAREER PROGRESSION & LEADERSHIP PERFORMANCE  Ulta Beauty (contract) – Bolingbrook, IL                           "
resume/389.docx,389.docx,Recruiter Screen Submission Form Current Work.docx,.docx,Renamed,"Recruiter Screen Submission Form:       Current work situation (Job title, responsibilities, etc) CNay is currently with Ulta as a contractor through Tek Systems where she has worked on 2 large projec"
resume/398.docx,398.docx,Recruiter Screen Submission Form Current Work.docx,.docx,Renamed,"Recruiter Screen Submission Form:   Current work situation (Job title, responsibilities, etc.) Agile project converts a legacy application to new technology (claim applications) Motivation for looking"
resume/410.docx,410.docx,Recruiter Screen Submission Form Current Work.docx,.docx,Renamed,"Recruiter Screen Submission Form:   Current work situation (Job title, responsibilities, etc.) Working on case managing system  Motivation for looking/leaving? The company might shut down because they"
resume/489.docx,489.docx,Recruiter Screen Submission Form Current Work.docx,.docx,Renamed,"Recruiter Screen Submission Form:    Current work situation (Job title, responsibilities, etc)   Gerald was caught in the second round of layoffs late last year with NCR. He had spent the last 7 years"
resume/490.docx,490.docx,Gerald Hicks Metropolitan Atlanta 770.329.3038 Www.linkedin.comingerald-hicks.docx,.docx,Renamed,"Gerald Hicks Metropolitan Atlanta, GA 	 770.329.3038 www.linkedin.com/in/gerald-hicks 	 gphicks11@live.com   Product Owner Versatile software leader with a unique combination of technical and business"
resume/520.docx,520.docx,,.docx,No meaningful text,
resume/663.docx,663.docx,Title Product Analyst Are Seeking Seasoned.docx,.docx,Renamed,Title: Product Analyst We are seeking a seasoned individual to fill a crucial delivery role in our Software Product Engineering organization. Our Product Analyst community is built on a solid foundati
resume/664.docx,664.docx,Title Product Management Leader Are Seeking.docx,.docx,Renamed,"Title: Product Management, Leader We are seeking a seasoned individual to fill a crucial leadership role in our Software Product Engineering organization. Our Product Management community is built on "
resume/689.docx,689.docx,Title Product Management Leader Are Seeking.docx,.docx,Renamed,"Title: Product Management, Leader We are seeking a seasoned individual to fill a crucial leadership role in our Software Product Engineering organization. Our Product Management community is built on "
resume/688.docx,688.docx,Title Product Analyst Are Seeking Seasoned.docx,.docx,Renamed,Title: Product Analyst We are seeking a seasoned individual to fill a crucial delivery role in our Software Product Engineering organization. Our Product Analyst community is built on a solid foundati
resume/705.docx,705.docx,Paul Singh Product Manager Atlanta Experience.docx,.docx,Renamed,"Paul Singh Product Manager | Atlanta, GA    EXPERIENCE HIGHLIGHTS Proficient Product Manager with three plus years of experience in industries such as: Quick Serve Restaurants – Mobile application dis"
resume/1030.docx,1030.docx,Recruiter Screen Submission Form Current Work.docx,.docx,Renamed,"Recruiter Screen Submission Form:   Current work situation (Job title, responsibilities, etc.)  George is currently a Sr. Business Analyst with Citi. He is the lead BA for Citi retail services, suppor"
resume/1126.docx,1126.docx,Schedule ___ Form Statement Work Product.docx,.docx,Renamed,"SCHEDULE ___ FORM OF STATEMENT OF WORK Product Discovery – GEDI, NHXS & ClaimLogic STATEMENT OF WORK   BETWEEN  TRIZETTO PROVIDER SOLUTIONS  A COGNIZANT COMPANY  AND  COGNIZANT TECHNOLOGY SOLUTIONS IN"
resume/1148.docx,1148.docx,,.docx,No meaningful text,
resume/1147.docx,1147.docx,Chhavi Katyal Chhavi.katyalgmail.com 602-500-8877 Currently Playing.docx,.docx,Renamed,Chhavi Katyal chhavi.katyal@gmail.com | 602-500-8877  I’m currently playing the role of a senior PO handling the complete BAU workspace for Enterprise API services for Truist Bank. The Bank is current
resume/1192.docx,1192.docx,Schedule ___ Form Statement Work Product.docx,.docx,Renamed,SCHEDULE ___ FORM OF STATEMENT OF WORK Product Discovery – GEDI Core Product Set STATEMENT OF WORK   BETWEEN  TRIZETTO PROVIDER SOLUTIONS  A COGNIZANT COMPANY  AND  COGNIZANT TECHNOLOGY SOLUTIONS INC.
resume/1262.docx,1262.docx,Recruiter Screen Submission Form Current Work.docx,.docx,Renamed,"Recruiter Screen Submission Form:   Current work situation (Job title, responsibilities, etc.)  George is currently a Sr. Business Analyst with Citi. He is the lead BA for Citi retail services, suppor"
resume/1511.docx,1511.docx,Recruiter Screen Submission Form Current Work.docx,.docx,Renamed,"Recruiter Screen Submission Form:   Current work situation (Job title, responsibilities, etc.)  Bilal is currently a Sr. Product Manager at ADP, responsible for two enterprise payroll solutions (redes"
resume/1531.docx,1531.docx,Candace Byrd Incident Manager Atlanta Experience.docx,.docx,Renamed,"Candace Byrd  Incident Manager | Atlanta, GA     Experience working with web-based platforms to design solutions for restaurant owners. At NCR (2019-2020), in the hospitality space, implemented contac"
resume/1565.docx,1565.docx,Conjunction Governed Master Services Agreement Dated.docx,.docx,Renamed,"CONJUNCTION WITH AND GOVERNED BY: The Master Services Agreement dated December 23, 2019 between 2U Inc. (“2U”) and Cognizant Worldwide Limited (“Cognizant”) (the “Main Agreement”).  STATEMENT OF WORK "
resume/1558.docx,1558.docx,Rev 2.29.16 Project Solution Fixed Fee.docx,.docx,Renamed,(Rev: 2.29.16) Project Solution (Fixed Fee) Work Order #1.2 This Statement of Work (sometimes referred to as an ‘SOW’) is attached to and made a part of the Master Information Technology and Computer 
resume/1618.docx,1618.docx,Product Owner Works Closely Clients Gilead.docx,.docx,Renamed,"The Product Owner works closely with the client’s (Gilead) Product Owner to ensure they can perform their work smoothly, focus on requirements’ delivery, remove roadblocks in collaboration with techni"
resume/1636.docx,1636.docx,Schedule ___ Form Statement Work Product.docx,.docx,Renamed,SCHEDULE ___ FORM OF STATEMENT OF WORK Product Discovery – GEDI Core Product Set STATEMENT OF WORK   BETWEEN  TRIZETTO PROVIDER SOLUTIONS  A COGNIZANT COMPANY  AND  COGNIZANT TECHNOLOGY SOLUTIONS INC.
resume/1634.docx,1634.docx,Schedule ___ Form Statement Work Product.docx,.docx,Renamed,SCHEDULE ___ FORM OF STATEMENT OF WORK Product Discovery – GEDI Core Product Set STATEMENT OF WORK   BETWEEN  TRIZETTO PROVIDER SOLUTIONS  A COGNIZANT COMPANY  AND  COGNIZANT TECHNOLOGY SOLUTIONS INC.
resume/1632.docx,1632.docx,Sebastián Culebras Tech Leader Technical Buenos.docx,.docx,Renamed,"Sebastián Culebras Tech Leader, Technical BA | Buenos Aires    EXPERIENCE HIGHLIGHTS 16 years working involved in all software lifecycle. Playing the following roles: Tech Leader, Project Manager, Scr"
resume/1665.docx,1665.docx,Insert Full Name Insert Role Insert.docx,.docx,Renamed,"[Insert Full Name] [Insert Role] | [Insert City/State]    EXPERIENCE HIGHLIGHTS [Include a few bullets here summarize key experience...industries of projects you’ve worked on, types of applications (m"
resume/1666.docx,1666.docx,Insert Full Name Insert Role Insert.docx,.docx,Renamed,"[Insert Full Name] [Insert Role] | [Insert City/State]    EXPERIENCE HIGHLIGHTS [Include a few bullets here summarize key experience...industries of projects you’ve worked on, types of applications (m"
resume/1728.docx,1728.docx,George Peters Product Manager Orange County.docx,.docx,Renamed,"George Peters Product Manager | Orange County, California   EXPERIENCE HIGHLIGHTS Years of Experience in Role: 15 years Industries: Healthcare, Scientific Instruments, Oil & Gas, Food & Beverage, Cons"
resume/1731.docx,1731.docx,Chhavi Katyal Chhavi.katyalgmail.com 602-500-8877 Currently Playing.docx,.docx,Renamed,Chhavi Katyal chhavi.katyal@gmail.com | 602-500-8877  I’m currently playing the role of a senior PO handling the complete BAU workspace for Enterprise API services for Truist Bank. The Bank is current
resume/1760.docx,1760.docx,Esteban Solis Business Analyst Product Manager.docx,.docx,Renamed,"Esteban Solis Business Analyst / Product Manager | Austin Texas  EXPERIENCE HIGHLIGHTS Experience working with pair programmers, and agile methodology. At American Airlines, my efforts allowed the Buy"
resume/1778.docx,1778.docx,Guerino Reno Picconi Product Managerowner San.docx,.docx,Renamed,"Guerino (Reno) Picconi Product Manager/Owner | San Diego, California    EXPERIENCE HIGHLIGHTS  Over 10 years of experience as a Product Manager/Owner in the B2C and B2B/Enterprise channels for industr"
resume/1780.docx,1780.docx,Mitchell Malpartida Tech Lead Henderson Experience.docx,.docx,Renamed,"Mitchell Malpartida Tech Lead/ BA | Henderson, NV  EXPERIENCE HIGHLIGHTS Over 18 years of professional digital experience, from helping define requirements to building development teams in Web Design,"
pp/4924.pptx,4924.pptx,Cognizant Proposal Comcast Unified Planning Discovery.pptx,.pptx,Renamed,"Cognizant Proposal for Comcast Unified Planning Discovery Phase

April 2019 © 2019 Cognizant Agenda © 2019 Cognizant ‹#›  Our Understanding of the ask © 2019 Cognizant ‹#› Comcast Spotlight wants to b"
pp/2745.pptx,2745.pptx,Our Approach Research Workshops Our Projects.pptx,.pptx,Renamed,"Our Approach     Research & Workshops

Our projects typically begin with a series of foundational research activities we call Product Definition Workshops. They provide a thorough understanding of the"
pp/2873.pptx,2873.pptx,Credit Account Overview June 2019 2018.pptx,.pptx,Renamed,"VW CREDITAccount Overview June  2019 © 2018 Cognizant VCI  - PROPOSALS TO DATE  © 2018 Cognizant ‹#› (Red indicates next step) *June 13, 2019 - Draft MSA received from VCI, with CTS legal, due back t"
pp/1619.pptx,1619.pptx,Open Defects Defect Age Static Code.pptx,.pptx,Renamed,Open Defects Defect Age Static Code Analysis (SCA) Warnings Throughput (add tech debt overlay) Team Size: 23  Burn-Ups for Current Quarter
pp/2961.pptx,2961.pptx,Design Process Driven Discovery Breakdown Discovery.pptx,.pptx,Renamed,"UX & Design PROCESS DRIVEN DISCOVERY BREAKDOWN DISCOVERY PROCESS DISCOVERY DELIVERABLES DISCOVERY DELIVERABLES
     User types Core User Workflows Information Architecture"
pp/3096.pptx,3096.pptx,Digital. Innovation. Scale. Cognizant Softvision 2019.pptx,.pptx,Renamed,"DIGITAL.
INNOVATION.
SCALE. Cognizant Softvision / 2019  Softvision Overview
Our Understanding
Apiture Product Approach
Customer Success Stories
 Agenda DIGITAL PRODUCT ENGINEERING CULTURE  STUDIOS TR"
pp/231.pptx,231.pptx,Paul Singh Paul.singhsoftvision.com 404.455.5595 Product Manager.pptx,.pptx,Renamed,"Paul Singh paul.singh@softvision.com
404.455.5595 	Product Manager with comprehensive knowledge of Software Development Life Cycle (SDLC) and thorough understanding of its various methodologies like W"
pp/307.pptx,307.pptx,Paul Singh Paul.singhsoftvision.com 404.455.5595 Product Manager.pptx,.pptx,Renamed,"Paul Singh paul.singh@softvision.com
404.455.5595 	Product Manager with comprehensive knowledge of Software Development Life Cycle (SDLC) and thorough understanding of its various methodologies like W"
pp/426.pptx,426.pptx,Emiliano Musacco Emiliano.musaccosoftvision.com Business Analyst Years.pptx,.pptx,Renamed,"Emiliano Musacco Emiliano.musacco@softvision.com
 Business Analyst with 10+ years of experience as a BA in different industries such as: telecommunications, health, metal industry, security, most of t"
pp/314.pptx,314.pptx,Paul Singh Paul.singhsoftvision.com 404.455.5595 Product Manager.pptx,.pptx,Renamed,"Paul Singh paul.singh@softvision.com
404.455.5595 	Product Manager with comprehensive knowledge of Software Development Life Cycle (SDLC) and thorough understanding of its various methodologies like W"
pp/695.pptx,695.pptx,Emiliano Musacco Emiliano.musaccosoftvision.com Business Analyst Years.pptx,.pptx,Renamed,"Emiliano Musacco Emiliano.musacco@softvision.com
 Business Analyst with 10+ years of experience as a BA in different industries such as: telecommunications, health, metal industry, security, most of t"
pp/713.pptx,713.pptx,Esteban Solis Esteban.solissoftvision.com 936.208.3406 Business Analyst.pptx,.pptx,Renamed,"Esteban Solis esteban.solis@softvision.com
936.208.3406 Business Analyst with 6+ years of experience from product ideation to launch by leveraging design thinking methodologies and agile frameworks. S"
pp/442.pptx,442.pptx,Name Email 999.999.9999 Client Focused Business.pptx,.pptx,Renamed,"Name email
999.999.9999 	Client focused Business Analyst and Certified Scrum Master with 9+ years experience in web and mobile UI configurations and development in medium to large organizations. Exper"
pp/2073.pptx,2073.pptx,Emiliano Musacco Emiliano.musaccosoftvision.com Business Analyst Years.pptx,.pptx,Renamed,"Emiliano Musacco Emiliano.musacco@softvision.com
 Business Analyst with 10+ years of experience as a BA in different industries such as: telecommunications, health, metal industry, security, most of t"
pp/3081.pptx,3081.pptx,2018 Cognizant Product Discovery Components Successful.pptx,.pptx,Renamed,"© 2018 Cognizant 1 Product Discovery  components of a successful product journey  User Insight & Current State Audit
Uncover and learn about the users, challenges and what they might expect from a sol"
pp/722.pptx,722.pptx,Esteban Solis Esteban.solissoftvision.com 936.208.3406 Business Analyst.pptx,.pptx,Renamed,"Esteban Solis esteban.solis@softvision.com
936.208.3406 Business Analyst with 6+ years of experience from product ideation to launch by leveraging design thinking methodologies and agile frameworks. S"
pp/2075.pptx,2075.pptx,Esteban Solis Esteban.solissoftvision.com 936.208.3406 Business Analyst.pptx,.pptx,Renamed,"Esteban Solis esteban.solis@softvision.com
936.208.3406 Business Analyst with 6+ years of experience from product ideation to launch by leveraging design thinking methodologies and agile frameworks. S"
pp/4929.pptx,4929.pptx,Tcm Support Proposal Tcm Support Scope.pptx,.pptx,Renamed,"TCM Support Proposal TCM Support Scope
Responsive support for Test Admin audience
 Create and track tickets for the live product
Investigate issues reported by users
Bug fixing
Implement functionality"
pp/4930.pptx,4930.pptx,Tcm Support Proposal Tcm Support Scope.pptx,.pptx,Renamed,"TCM Support Proposal TCM Support Scope
Responsive support for Test Admin audience
 Create and track tickets for the live product
Investigate issues reported by users
Bug fixing
Implement functionality"
pp/2032.pptx,2032.pptx,Name Email 999.999.9999 Client Focused Business.pptx,.pptx,Renamed,"Name email
999.999.9999 	Client focused Business Analyst and Certified Scrum Master with 9+ years experience in web and mobile UI configurations and development in medium to large organizations. Exper"
pp/2643.pptx,2643.pptx,Assignments Overview- Emmanuel Joseph Emmanuel.josephsoftvision.com 857271-9697.pptx,.pptx,Renamed,"Assignments Overview- Emmanuel Joseph emmanuel.joseph@softvision.com
(857)271-9697   Assignments Overview- 2020 Primarily assigned to two Product teams: (Q1 2020- Present)
	Gilead Enterprise Search P"
pp/3545.pptx,3545.pptx,Modernizing Cdbt Our Story Hills Will.pptx,.pptx,Renamed,"Modernizing CDB&T Our story, hills we will own, and portfolio for value March 2021 © 2021 Cognizant; Confidential. Not for public distribution                                Process by process, experi"
pp/2400.pptx,2400.pptx,February 2021 Trizetto Provider Solutions Platform.pptx,.pptx,Renamed,"February 10, 2021
 Trizetto Provider 
Solutions Platform 
Discovery Approach
February 10, 2021 Collectively with Trizetto, Cognizant Softvision will conduct  series of workshops and meetings with key "
pp/2460.pptx,2460.pptx,2020 Cognizant Hcsc Project Product Org.pptx,.pptx,Renamed,© 2020 Cognizant HCSC - Project to Product OrgSocialization Strategy and Plan January 2020 Purpose This document provides an overview of the Socialization and Change strategy for HCSC Project to Prod
pp/2462.pptx,2462.pptx,February 2021 Trizetto Provider Solutions Platform.pptx,.pptx,Renamed,"February 10, 2021
 Trizetto Provider 
Solutions Platform 
Discovery Approach
February 10, 2021 Collectively with Trizetto, Cognizant Softvision will conduct  series of workshops and meetings with key "
pp/2620.pptx,2620.pptx,Product Design Discovery Define Discovery All.pptx,.pptx,Renamed,"PRODUCT & DESIGN DISCOVERY  Define “Discovery”

All of our projects begin with a series of foundational research activities we call Discovery Workshops. They provide a thorough understanding of the pr"
pp/2718.pptx,2718.pptx,Our Approach Cognizant Interactive Foresight Services.pptx,.pptx,Renamed,"Our Approach Cognizant Interactive From foresight services and experience design, to running some of the largest digital support services of their kind, we help our clients envision and operate tomorr"
pp/2874.pptx,2874.pptx,Ford Motor Credit Company Fmcc Refinance.pptx,.pptx,Renamed,Ford Motor Credit Company (FMCC)Refinance and Servicing Experience RedesignCognizant Approach Proposal May 2019 © 2019 Cognizant © 2019 Cognizant 2 Executive summary FMCC wants to be a front runne
pp/2959.pptx,2959.pptx,Hcsc Moving Product-driven Organization Our Understanding.pptx,.pptx,Renamed,"HCSC
MOVING TO A PRODUCT-DRIVEN ORGANIZATION OUR UNDERSTANDING  

IT Product team doesn’t have true long term vision or ownership of the products

Budgets are project based vs product based

Business"
pp/2962.pptx,2962.pptx,Cognizant Discovery Examples Ingeniorx Show Tell.pptx,.pptx,Renamed,"Cognizant Discovery Examples IngenioRx
Show and Tell    ANTHEM - Ingenio-Rx Benefit Manager Platform 
 DISCOVERY PROCESS Discovery Process Goals and Vision Goals and Vision During the the week 1 disc"
pp/2984.pptx,2984.pptx,Cognizant Discovery Examples Ingeniorx Show Tell.pptx,.pptx,Renamed,"Cognizant Discovery Examples IngenioRx
Show and Tell    ANTHEM - Ingenio-Rx Benefit Manager Platform 
 DISCOVERY PROCESS Discovery Process Goals and Vision Goals and Vision During the the week 1 disc"
pp/3006.pptx,3006.pptx,Unified Campaign Planning Effort Scoping Discussion.pptx,.pptx,Renamed,"Unified Campaign PlanningEffort Scoping Discussion  Cognizant & ReD Associates
May 1, 2019  © 2019 Cognizant Objectives for Today’s Session Understand how Cognizant/ReD can support Spotlight across d"
pp/3026.pptx,3026.pptx,Our Approach Cognizant Softvision 2019 Design.pptx,.pptx,Renamed,"OUR 
APPROACH
 Cognizant Softvision / 2019  DESIGN LED APPROACH
Solve meaningful problems for your product by using the Design Thinking Process
 UX/UI EvaluationConduct usability inspection on the cu"
pp/3082.pptx,3082.pptx,Apiture Digital Banking Transforming Mobile Banking.pptx,.pptx,Renamed,"Apiture Digital BankingTransforming mobile banking solution to derive high value March 29, 2019 Contents © 2018 Cognizant 2 Mobile Banking Solution Rewrite
Why it matters
The challenge
Our understand"
pp/3102.pptx,3102.pptx,Sample Business Case Business Case Definition.pptx,.pptx,Renamed,"Sample Business Case Business Case Definition - Approach © 2018 Cognizant 2 Assess Strategy Understand the business strategy and technology roadmap
Assess the product roadmap
Impact assessment on appl"
pp/3112.pptx,3112.pptx,Direct Current State Design Demo When.pptx,.pptx,Renamed,"NF Direct Current State Design Demo When users create accounts, their data inputs are persisted and will re-populate the tool if they log in later.  Users can go through the entire experience without "
pp/893.pptx,893.pptx,Cognizant Softvision 2019 Designing Experiences. Engineering.pptx,.pptx,Renamed,"Cognizant Softvision / 2019   Designing
Experiences. 
Engineering 
Outcomes. OUR UNDERSTANDING    SOLUTION ARCHITECT
Cognizant Softvision TECH LEAD
Cognizant Softvision TIGER TEAM: 2-WEEK ENGAGEMENT  "
pp/1113.pptx,1113.pptx,Week Problem Framing Summary Trizetto Claimlogic.pptx,.pptx,Renamed,"Week 1 - Problem Framing Summary Trizetto (ClaimLogic, GEDI, NHXS) Weekly Status   Our Findings Week 1 - Problem Framing Claim Logic Workshop Activities Summary from Workshop 1 

 
The functionality o"
dt/11.pdf,11.pdf,Corrected Checked Caution Amount Shown May.pdf,.pdf,Renamed,"CORRECTED (if checked)* Caution: The amount shown may not be fully deductible by you. Limits based on the loan amount and the cost and value of the secured property may apply. Also, you may only deduc"
